sra:SRR1033783	SRP033200-SRR1033783
sra:SRR1033784	SRP033200-SRR1033784
sra:SRR1033785	SRP033200-SRR1033785
sra:SRR1033786	SRP033200-SRR1033786
sra:SRR1033787	SRP033200-SRR1033787
sra:SRR1033788	SRP033200-SRR1033788
sra:SRR1033789	SRP033200-SRR1033789
sra:SRR1033790	SRP033200-SRR1033790
sra:SRR1033791	SRP033200-SRR1033791
sra:SRR1033792	SRP033200-SRR1033792
sra:SRR1033793	SRP033200-SRR1033793
sra:SRR1033794	SRP033200-SRR1033794
sra:SRR1033795	SRP033200-SRR1033795
sra:SRR1033796	SRP033200-SRR1033796
sra:SRR1033797	SRP033200-SRR1033797
sra:SRR1033798	SRP033200-SRR1033798
sra:SRR1033799	SRP033200-SRR1033799
sra:SRR5001020	SRP092781-SRR5001020
sra:SRR5001021	SRP092781-SRR5001021
sra:SRR2971427	SRP066961-SRR2971427
sra:SRR2971430	SRP066961-SRR2971430
sra:SRR2971431	SRP066961-SRR2971431
sra:SRR2971432	SRP066961-SRR2971432
sra:SRR2971433	SRP066961-SRR2971433
sra:ERR873293	ERP009139-ERR873293
sra:ERR873294	ERP009139-ERR873294
sra:ERR873295	ERP009139-ERR873295
sra:ERR873296	ERP009139-ERR873296
sra:ERR873297	ERP009139-ERR873297
sra:ERR873298	ERP009139-ERR873298
sra:ERR873299	ERP009139-ERR873299
sra:ERR873300	ERP009139-ERR873300
sra:ERR873301	ERP009139-ERR873301
sra:ERR873302	ERP009139-ERR873302
sra:ERR873303	ERP009139-ERR873303
sra:ERR873304	ERP009139-ERR873304
sra:SRR1068222	SRP034891-SRR1068222
sra:SRR1068225	SRP034891-SRR1068225
sra:SRR1782642	SRP053008-SRR1782642
sra:SRR1782643	SRP053008-SRR1782643
sra:SRR1782651	SRP053008-SRR1782651
sra:SRR1782652	SRP053008-SRR1782652
sra:SRR1782660	SRP053008-SRR1782660
sra:SRR1782661	SRP053008-SRR1782661
sra:SRR1782645	SRP053008-SRR1782645
sra:SRR1782646	SRP053008-SRR1782646
sra:SRR1782654	SRP053008-SRR1782654
sra:SRR1782655	SRP053008-SRR1782655
sra:SRR1782663	SRP053008-SRR1782663
sra:SRR1782664	SRP053008-SRR1782664
sra:SRR1782648	SRP053008-SRR1782648
sra:SRR1782649	SRP053008-SRR1782649
sra:SRR1782657	SRP053008-SRR1782657
sra:SRR1782658	SRP053008-SRR1782658
sra:SRR1782666	SRP053008-SRR1782666
sra:SRR1782667	SRP053008-SRR1782667
sra:SRR3212810	SRP071321-SRR3212810
sra:SRR3212811	SRP071321-SRR3212811
sra:SRR3212812	SRP071321-SRR3212812
sra:SRR3212813	SRP071321-SRR3212813
sra:SRR3212816	SRP071321-SRR3212816
sra:SRR3212817	SRP071321-SRR3212817
sra:SRR3212818	SRP071321-SRR3212818
sra:SRR3212819	SRP071321-SRR3212819
sra:SRR3212820	SRP071321-SRR3212820
sra:SRR3212821	SRP071321-SRR3212821
sra:SRR3212804	SRP071321-SRR3212804
sra:SRR3212805	SRP071321-SRR3212805
sra:SRR3212806	SRP071321-SRR3212806
sra:SRR3212807	SRP071321-SRR3212807
sra:SRR3212808	SRP071321-SRR3212808
sra:SRR3212809	SRP071321-SRR3212809
sra:SRR3212814	SRP071321-SRR3212814
sra:SRR3212815	SRP071321-SRR3212815
sra:SRR579545	SRP015997-SRR579545
sra:SRR579546	SRP015997-SRR579546
sra:SRR579547	SRP015997-SRR579547
sra:SRR579548	SRP015997-SRR579548
sra:SRR579549	SRP015997-SRR579549
sra:SRR579550	SRP015997-SRR579550
sra:SRR594393	SRP016501-SRR594393
sra:SRR594394	SRP016501-SRR594394
sra:SRR594396	SRP016501-SRR594396
sra:SRR594397	SRP016501-SRR594397
sra:SRR594399	SRP016501-SRR594399
sra:SRR594400	SRP016501-SRR594400
sra:SRR594401	SRP016501-SRR594401
sra:SRR594402	SRP016501-SRR594402
sra:SRR594403	SRP016501-SRR594403
sra:SRR594404	SRP016501-SRR594404
sra:SRR594405	SRP016501-SRR594405
sra:SRR594406	SRP016501-SRR594406
sra:SRR594407	SRP016501-SRR594407
sra:SRR594408	SRP016501-SRR594408
sra:SRR594409	SRP016501-SRR594409
sra:SRR5026253	SRP096044-SRR5026253
sra:SRR5026254	SRP096044-SRR5026254
sra:SRR5026255	SRP096044-SRR5026255
sra:SRR5026259	SRP096044-SRR5026259
sra:SRR5026260	SRP096044-SRR5026260
sra:SRR5026261	SRP096044-SRR5026261
sra:SRR2229920	SRP056666-SRR2229920
sra:SRR2229921	SRP056666-SRR2229921
sra:SRR2229922	SRP056666-SRR2229922
sra:SRR2229923	SRP056666-SRR2229923
sra:SRR2229924	SRP056666-SRR2229924
sra:SRR2229925	SRP056666-SRR2229925
sra:SRR2229926	SRP056666-SRR2229926
sra:SRR2229927	SRP056666-SRR2229927
sra:SRR2229928	SRP056666-SRR2229928
sra:SRR2229913	SRP056666-SRR2229913
sra:SRR2229912	SRP056666-SRR2229912
sra:SRR2229911	SRP056666-SRR2229911
sra:SRR2229932	SRP056666-SRR2229932
sra:SRR2229933	SRP056666-SRR2229933
sra:SRR2229934	SRP056666-SRR2229934
sra:SRR2229935	SRP056666-SRR2229935
sra:SRR2229936	SRP056666-SRR2229936
sra:SRR2229937	SRP056666-SRR2229937
sra:SRR2229938	SRP056666-SRR2229938
sra:SRR2229939	SRP056666-SRR2229939
sra:SRR2229940	SRP056666-SRR2229940
sra:SRR2229941	SRP056666-SRR2229941
sra:SRR2229942	SRP056666-SRR2229942
sra:SRR2229943	SRP056666-SRR2229943
sra:SRR2229944	SRP056666-SRR2229944
sra:SRR2229945	SRP056666-SRR2229945
sra:SRR2229946	SRP056666-SRR2229946
sra:SRR2229947	SRP056666-SRR2229947
sra:SRR2229948	SRP056666-SRR2229948
sra:SRR2229949	SRP056666-SRR2229949
sra:SRR2229916	SRP056666-SRR2229916
sra:SRR2229915	SRP056666-SRR2229915
sra:SRR2229914	SRP056666-SRR2229914
sra:SRR2229919	SRP056666-SRR2229919
sra:SRR2229918	SRP056666-SRR2229918
sra:SRR2229917	SRP056666-SRR2229917
sra:SRR2229950	SRP056666-SRR2229950
sra:SRR2229951	SRP056666-SRR2229951
sra:SRR2229952	SRP056666-SRR2229952
sra:SRR2229953	SRP056666-SRR2229953
sra:SRR2229954	SRP056666-SRR2229954
sra:SRR2229955	SRP056666-SRR2229955
sra:SRR2229956	SRP056666-SRR2229956
sra:SRR2229957	SRP056666-SRR2229957
sra:SRR2229958	SRP056666-SRR2229958
sra:SRR2229929	SRP056666-SRR2229929
sra:SRR2229930	SRP056666-SRR2229930
sra:SRR2229931	SRP056666-SRR2229931
sra:SRR2120292	SRP061355-SRR2120292
sra:SRR2120293	SRP061355-SRR2120293
sra:SRR2120294	SRP061355-SRR2120294
sra:SRR2120295	SRP061355-SRR2120295
sra:SRR2120296	SRP061355-SRR2120296
sra:SRR2120297	SRP061355-SRR2120297
sra:SRR2120298	SRP061355-SRR2120298
sra:SRR2120299	SRP061355-SRR2120299
sra:SRR2120300	SRP061355-SRR2120300
sra:SRR2120301	SRP061355-SRR2120301
sra:SRR2120302	SRP061355-SRR2120302
sra:SRR2120303	SRP061355-SRR2120303
sra:SRR2120304	SRP061355-SRR2120304
sra:SRR2120305	SRP061355-SRR2120305
sra:SRR2120306	SRP061355-SRR2120306
sra:SRR2120307	SRP061355-SRR2120307
sra:SRR1810037	SRP055125-SRR1810037
sra:SRR1810038	SRP055125-SRR1810038
sra:SRR1810039	SRP055125-SRR1810039
sra:SRR1810040	SRP055125-SRR1810040
sra:SRR1810041	SRP055125-SRR1810041
sra:SRR1810042	SRP055125-SRR1810042
sra:SRR3032185	SRP067565-SRR3032185
sra:SRR3032186	SRP067565-SRR3032186
sra:SRR3032187	SRP067565-SRR3032187
sra:SRR3032188	SRP067565-SRR3032188
sra:SRR3032189	SRP067565-SRR3032189
sra:SRR3032190	SRP067565-SRR3032190
sra:SRR3666859	SRP076556-SRR3666859
sra:SRR3666860	SRP076556-SRR3666860
sra:SRR3666861	SRP076556-SRR3666861
sra:SRR3666862	SRP076556-SRR3666862
sra:SRR3666863	SRP076556-SRR3666863
sra:SRR3666864	SRP076556-SRR3666864
sra:SRR3666865	SRP076556-SRR3666865
sra:SRR3666866	SRP076556-SRR3666866
sra:SRR1787235	SRP053189-SRR1787235
sra:SRR1787236	SRP053189-SRR1787236
sra:SRR1787237	SRP053189-SRR1787237
sra:SRR1787238	SRP053189-SRR1787238
sra:SRR1706560	SRP051076-SRR1706560
sra:SRR1706561	SRP051076-SRR1706561
sra:SRR1706562	SRP051076-SRR1706562
sra:SRR1706563	SRP051076-SRR1706563
sra:SRR1706564	SRP051076-SRR1706564
sra:SRR1706565	SRP051076-SRR1706565
sra:SRR1811589	SRP055201-SRR1811589
sra:SRR1811590	SRP055201-SRR1811590
sra:SRR1811591	SRP055201-SRR1811591
sra:SRR1811592	SRP055201-SRR1811592
sra:SRR1811593	SRP055201-SRR1811593
sra:SRR1811594	SRP055201-SRR1811594
sra:SRR1811595	SRP055201-SRR1811595
sra:SRR1811596	SRP055201-SRR1811596
sra:SRR1811597	SRP055201-SRR1811597
sra:SRR1811598	SRP055201-SRR1811598
sra:SRR1811599	SRP055201-SRR1811599
sra:SRR1811600	SRP055201-SRR1811600
sra:SRR1811601	SRP055201-SRR1811601
sra:SRR1811602	SRP055201-SRR1811602
sra:SRR1811603	SRP055201-SRR1811603
sra:SRR1811604	SRP055201-SRR1811604
sra:SRR1811605	SRP055201-SRR1811605
sra:SRR1811606	SRP055201-SRR1811606
sra:SRR1811607	SRP055201-SRR1811607
sra:SRR1811608	SRP055201-SRR1811608
sra:SRR1811609	SRP055201-SRR1811609
sra:SRR1811610	SRP055201-SRR1811610
sra:SRR1811611	SRP055201-SRR1811611
sra:SRR1811612	SRP055201-SRR1811612
sra:SRR5061281	SRP094068-SRR5061281
sra:SRR5061282	SRP094068-SRR5061282
sra:SRR5061283	SRP094068-SRR5061283
sra:SRR5061284	SRP094068-SRR5061284
sra:SRR5061285	SRP094068-SRR5061285
sra:SRR5061286	SRP094068-SRR5061286
sra:SRR5061287	SRP094068-SRR5061287
sra:SRR5061288	SRP094068-SRR5061288
sra:SRR5061289	SRP094068-SRR5061289
sra:SRR5061290	SRP094068-SRR5061290
sra:SRR5061291	SRP094068-SRR5061291
sra:SRR5061292	SRP094068-SRR5061292
sra:SRR5061293	SRP094068-SRR5061293
sra:SRR5061294	SRP094068-SRR5061294
sra:SRR5061295	SRP094068-SRR5061295
sra:SRR5061296	SRP094068-SRR5061296
sra:SRR5061297	SRP094068-SRR5061297
sra:SRR5061298	SRP094068-SRR5061298
sra:SRR5061299	SRP094068-SRR5061299
sra:SRR5061300	SRP094068-SRR5061300
sra:SRR5061301	SRP094068-SRR5061301
sra:SRR5061302	SRP094068-SRR5061302
sra:SRR5061303	SRP094068-SRR5061303
sra:SRR5061304	SRP094068-SRR5061304
sra:SRR5061305	SRP094068-SRR5061305
sra:SRR5061306	SRP094068-SRR5061306
sra:SRR5061307	SRP094068-SRR5061307
sra:SRR5061308	SRP094068-SRR5061308
sra:SRR5061309	SRP094068-SRR5061309
sra:SRR5061310	SRP094068-SRR5061310
sra:SRR5061311	SRP094068-SRR5061311
sra:SRR5061312	SRP094068-SRR5061312
sra:SRR5061313	SRP094068-SRR5061313
sra:SRR5061314	SRP094068-SRR5061314
sra:SRR5061315	SRP094068-SRR5061315
sra:SRR1574329	SRP047079-SRR1574329
sra:SRR1574330	SRP047079-SRR1574330
sra:SRR1574333	SRP047079-SRR1574333
sra:SRR1574334	SRP047079-SRR1574334
sra:SRR2936836	SRP065767-SRR2936836
sra:SRR2936837	SRP065767-SRR2936837
sra:SRR2936838	SRP065767-SRR2936838
sra:SRR2936839	SRP065767-SRR2936839
sra:SRR2936840	SRP065767-SRR2936840
sra:SRR2936841	SRP065767-SRR2936841
sra:SRR2936842	SRP065767-SRR2936842
sra:SRR2936843	SRP065767-SRR2936843
sra:SRR2936844	SRP065767-SRR2936844
sra:SRR2936845	SRP065767-SRR2936845
sra:SRR2936846	SRP065767-SRR2936846
sra:SRR2936847	SRP065767-SRR2936847
sra:SRR2936848	SRP065767-SRR2936848
sra:SRR2936849	SRP065767-SRR2936849
sra:SRR2936850	SRP065767-SRR2936850
sra:SRR2936851	SRP065767-SRR2936851
sra:SRR3901907	SRP078457-SRR3901907
sra:SRR3901908	SRP078457-SRR3901908
sra:SRR3901913	SRP078457-SRR3901913
sra:SRR3901914	SRP078457-SRR3901914
sra:SRR3901915	SRP078457-SRR3901915
sra:SRR3901916	SRP078457-SRR3901916
sra:SRR3902076	SRP078458-SRR3902076
sra:SRR3902077	SRP078458-SRR3902077
sra:SRR3902078	SRP078458-SRR3902078
sra:SRR3902079	SRP078458-SRR3902079
sra:SRR3902080	SRP078458-SRR3902080
sra:SRR3902081	SRP078458-SRR3902081
sra:SRR3902082	SRP078458-SRR3902082
sra:SRR3902083	SRP078458-SRR3902083
sra:SRR3902084	SRP078458-SRR3902084
sra:SRR3902085	SRP078458-SRR3902085
sra:SRR3902086	SRP078458-SRR3902086
sra:SRR3902087	SRP078458-SRR3902087
sra:SRR3902088	SRP078458-SRR3902088
sra:SRR3902089	SRP078458-SRR3902089
sra:SRR3902090	SRP078458-SRR3902090
sra:SRR3902091	SRP078458-SRR3902091
sra:SRR1291248	SRP042078-SRR1291248
sra:SRR1291249	SRP042078-SRR1291249
sra:SRR1291250	SRP042078-SRR1291250
sra:SRR1291251	SRP042078-SRR1291251
sra:SRR1291252	SRP042078-SRR1291252
sra:SRR1291253	SRP042078-SRR1291253
sra:SRR1291254	SRP042078-SRR1291254
sra:SRR1291255	SRP042078-SRR1291255
sra:SRR1291256	SRP042078-SRR1291256
sra:SRR1291257	SRP042078-SRR1291257
sra:SRR5590221	SRP107891-SRR5590221
sra:SRR5590218	SRP107891-SRR5590218
sra:SRR5590220	SRP107891-SRR5590220
sra:SRR5590219	SRP107891-SRR5590219
sra:SRR5242718	SRP099194-SRR5242718
sra:SRR5242719	SRP099194-SRR5242719
sra:SRR5242720	SRP099194-SRR5242720
sra:SRR964802	SRP029464-SRR964802
sra:SRR964801	SRP029464-SRR964801
sra:SRR964800	SRP029464-SRR964800
sra:SRR964799	SRP029464-SRR964799
sra:SRR964798	SRP029464-SRR964798
sra:SRR964797	SRP029464-SRR964797
sra:SRR964796	SRP029464-SRR964796
sra:SRR964795	SRP029464-SRR964795
sra:SRR964794	SRP029464-SRR964794
sra:SRR964793	SRP029464-SRR964793
sra:SRR964792	SRP029464-SRR964792
sra:SRR964791	SRP029464-SRR964791
sra:SRR964790	SRP029464-SRR964790
sra:SRR5277343	SRP100479-SRR5277343
sra:SRR5277344	SRP100479-SRR5277344
sra:SRR5277345	SRP100479-SRR5277345
sra:SRR5277346	SRP100479-SRR5277346
sra:SRR5277347	SRP100479-SRR5277347
sra:SRR5277348	SRP100479-SRR5277348
sra:SRR5277349	SRP100479-SRR5277349
sra:SRR5277350	SRP100479-SRR5277350
sra:SRR5277351	SRP100479-SRR5277351
sra:SRR5277352	SRP100479-SRR5277352
sra:SRR5277353	SRP100479-SRR5277353
sra:SRR5277354	SRP100479-SRR5277354
sra:SRR5277355	SRP100479-SRR5277355
sra:SRR5277356	SRP100479-SRR5277356
sra:SRR5277357	SRP100479-SRR5277357
sra:SRR5277358	SRP100479-SRR5277358
sra:SRR5277359	SRP100479-SRR5277359
sra:SRR5277360	SRP100479-SRR5277360
sra:SRR5277361	SRP100479-SRR5277361
sra:SRR5277362	SRP100479-SRR5277362
sra:SRR5277363	SRP100479-SRR5277363
sra:SRR5277364	SRP100479-SRR5277364
sra:SRR5277365	SRP100479-SRR5277365
sra:SRR5277366	SRP100479-SRR5277366
sra:SRR4297979	SRP090506-SRR4297979
sra:SRR4297980	SRP090506-SRR4297980
sra:SRR4297981	SRP090506-SRR4297981
sra:SRR4297982	SRP090506-SRR4297982
sra:SRR4297983	SRP090506-SRR4297983
sra:SRR4297984	SRP090506-SRR4297984
sra:SRR4297985	SRP090506-SRR4297985
sra:SRR4297986	SRP090506-SRR4297986
sra:SRR4297987	SRP090506-SRR4297987
sra:SRR4297988	SRP090506-SRR4297988
sra:SRR4297989	SRP090506-SRR4297989
sra:SRR4297990	SRP090506-SRR4297990
sra:SRR4297991	SRP090506-SRR4297991
sra:SRR4297992	SRP090506-SRR4297992
sra:SRR2063284	SRP059509-SRR2063284
sra:SRR2063285	SRP059509-SRR2063285
sra:SRR2063286	SRP059509-SRR2063286
sra:SRR2063287	SRP059509-SRR2063287
sra:SRR2063288	SRP059509-SRR2063288
sra:SRR2063289	SRP059509-SRR2063289
sra:SRR2063290	SRP059509-SRR2063290
sra:SRR2063291	SRP059509-SRR2063291
sra:SRR2063292	SRP059509-SRR2063292
sra:SRR2063293	SRP059509-SRR2063293
sra:SRR2063294	SRP059509-SRR2063294
sra:SRR2063295	SRP059509-SRR2063295
sra:SRR2063296	SRP059509-SRR2063296
sra:SRR2063297	SRP059509-SRR2063297
sra:SRR2063298	SRP059509-SRR2063298
sra:SRR2063299	SRP059509-SRR2063299
sra:SRR2063300	SRP059509-SRR2063300
sra:SRR2063301	SRP059509-SRR2063301
sra:SRR2063302	SRP059509-SRR2063302
sra:SRR2063303	SRP059509-SRR2063303
sra:SRR2063304	SRP059509-SRR2063304
sra:SRR2063305	SRP059509-SRR2063305
sra:SRR2063306	SRP059509-SRR2063306
sra:SRR2063307	SRP059509-SRR2063307
sra:SRR2063308	SRP059509-SRR2063308
sra:SRR2063309	SRP059509-SRR2063309
sra:SRR2063310	SRP059509-SRR2063310
sra:SRR2063311	SRP059509-SRR2063311
sra:SRR2063312	SRP059509-SRR2063312
sra:SRR2063313	SRP059509-SRR2063313
sra:SRR2063314	SRP059509-SRR2063314
sra:SRR2063315	SRP059509-SRR2063315
sra:SRR2063316	SRP059509-SRR2063316
sra:SRR2063317	SRP059509-SRR2063317
sra:SRR2063318	SRP059509-SRR2063318
sra:SRR2063319	SRP059509-SRR2063319
sra:SRR1976543	SRP057261-SRR1976543
sra:SRR1976571	SRP057261-SRR1976571
sra:SRR1976588	SRP057261-SRR1976588
sra:SRR1976589	SRP057261-SRR1976589
sra:SRR1976590	SRP057261-SRR1976590
sra:SRR1976591	SRP057261-SRR1976591
sra:SRR1976592	SRP057261-SRR1976592
sra:SRR1976593	SRP057261-SRR1976593
sra:SRR1976594	SRP057261-SRR1976594
sra:SRR1976595	SRP057261-SRR1976595
sra:SRR1976596	SRP057261-SRR1976596
sra:SRR1976597	SRP057261-SRR1976597
sra:SRR3932662	SRP057261-SRR3932662
sra:SRR3932663	SRP057261-SRR3932663
sra:SRR3932664	SRP057261-SRR3932664
sra:SRR3932665	SRP057261-SRR3932665
sra:SRR3932666	SRP057261-SRR3932666
sra:SRR3932667	SRP057261-SRR3932667
sra:SRR3932668	SRP057261-SRR3932668
sra:SRR3932669	SRP057261-SRR3932669
sra:SRR3932670	SRP057261-SRR3932670
sra:SRR3932671	SRP057261-SRR3932671
sra:SRR3932672	SRP057261-SRR3932672
sra:ERR505204	ERP005852-ERR505204
sra:ERR505210	ERP005852-ERR505210
sra:ERR505208	ERP005852-ERR505208
sra:ERR505201	ERP005852-ERR505201
sra:ERR505211	ERP005852-ERR505211
sra:ERR505205	ERP005852-ERR505205
sra:ERR505212	ERP005852-ERR505212
sra:SRR1947324	SRP056191-SRR1947324
sra:SRR1947325	SRP056191-SRR1947325
sra:SRR1947327	SRP056191-SRR1947327
sra:SRR1916368	SRP056191-SRR1916368
sra:SRR1947322	SRP056191-SRR1947322
sra:SRR1947323	SRP056191-SRR1947323
sra:SRR1916262	SRP056191-SRR1916262
sra:SRR1947328	SRP056191-SRR1947328
sra:SRR1947329	SRP056191-SRR1947329
sra:SRR1916367	SRP056191-SRR1916367
sra:SRR1947294	SRP056191-SRR1947294
sra:SRR1947316	SRP056191-SRR1947316
sra:ERR1197705	ERP013684-ERR1197705
sra:ERR1197706	ERP013684-ERR1197706
sra:SRR2075552	SRP059792-SRR2075552
sra:SRR2075553	SRP059792-SRR2075553
sra:SRR2075554	SRP059792-SRR2075554
sra:SRR2075561	SRP059792-SRR2075561
sra:SRR2075562	SRP059792-SRR2075562
sra:SRR2075563	SRP059792-SRR2075563
sra:SRR2075571	SRP059792-SRR2075571
sra:SRR2075572	SRP059792-SRR2075572
sra:SRR2075573	SRP059792-SRR2075573
sra:SRR2075564	SRP059792-SRR2075564
sra:SRR2075565	SRP059792-SRR2075565
sra:SRR2075566	SRP059792-SRR2075566
sra:SRR578602	SRP015959-SRR578602
sra:SRR578603	SRP015959-SRR578603
sra:SRR578604	SRP015959-SRR578604
sra:SRR578605	SRP015959-SRR578605
sra:SRR578606	SRP015959-SRR578606
sra:SRR578607	SRP015959-SRR578607
sra:SRR578608	SRP015959-SRR578608
sra:SRR578609	SRP015959-SRR578609
sra:SRR578610	SRP015959-SRR578610
sra:SRR1258347	SRP041343-SRR1258347
sra:SRR1258348	SRP041343-SRR1258348
sra:SRR1258349	SRP041343-SRR1258349
sra:SRR1258350	SRP041343-SRR1258350
sra:SRR1258351	SRP041343-SRR1258351
sra:SRR1258352	SRP041343-SRR1258352
sra:SRR1258353	SRP041343-SRR1258353
sra:SRR1258354	SRP041343-SRR1258354
sra:SRR1258355	SRP041343-SRR1258355
sra:SRR1258356	SRP041343-SRR1258356
sra:SRR1258357	SRP041343-SRR1258357
sra:SRR1258358	SRP041343-SRR1258358
sra:SRR1258359	SRP041343-SRR1258359
sra:SRR1177042	SRP038980-SRR1177042
sra:SRR1177043	SRP038980-SRR1177043
sra:SRR1177044	SRP038980-SRR1177044
sra:SRR1177045	SRP038980-SRR1177045
sra:SRR1177046	SRP038980-SRR1177046
sra:SRR1177047	SRP038980-SRR1177047
sra:SRR1177048	SRP038980-SRR1177048
sra:SRR1177049	SRP038980-SRR1177049
sra:SRR1177050	SRP038980-SRR1177050
sra:SRR1177051	SRP038980-SRR1177051
sra:SRR1177052	SRP038980-SRR1177052
sra:SRR1177053	SRP038980-SRR1177053
sra:SRR1177054	SRP038980-SRR1177054
sra:SRR1177055	SRP038980-SRR1177055
sra:SRR1177056	SRP038980-SRR1177056
sra:SRR1177057	SRP038980-SRR1177057
sra:SRR1177058	SRP038980-SRR1177058
sra:SRR1177059	SRP038980-SRR1177059
sra:SRR1177060	SRP038980-SRR1177060
sra:SRR1177061	SRP038980-SRR1177061
sra:SRR1177062	SRP038980-SRR1177062
sra:SRR1177063	SRP038980-SRR1177063
sra:SRR1177064	SRP038980-SRR1177064
sra:SRR1177065	SRP038980-SRR1177065
sra:SRR1177066	SRP038980-SRR1177066
sra:SRR1177067	SRP038980-SRR1177067
sra:SRR1177068	SRP038980-SRR1177068
sra:SRR1177069	SRP038980-SRR1177069
sra:SRR1177070	SRP038980-SRR1177070
sra:SRR1177071	SRP038980-SRR1177071
sra:SRR1177072	SRP038980-SRR1177072
sra:SRR1177073	SRP038980-SRR1177073
sra:SRR1177074	SRP038980-SRR1177074
sra:SRR1177075	SRP038980-SRR1177075
sra:SRR1177076	SRP038980-SRR1177076
sra:SRR1177077	SRP038980-SRR1177077
sra:SRR3954692	SRP079936-SRR3954692
sra:SRR3954693	SRP079936-SRR3954693
sra:SRR3954694	SRP079936-SRR3954694
sra:SRR3954695	SRP079936-SRR3954695
sra:SRR3954696	SRP079936-SRR3954696
sra:SRR3954697	SRP079936-SRR3954697
sra:SRR3954698	SRP079936-SRR3954698
sra:SRR3954699	SRP079936-SRR3954699
sra:SRR3954700	SRP079936-SRR3954700
sra:ERR525592	ERP005997-ERR525592
sra:ERR525589	ERP005997-ERR525589
sra:ERR525590	ERP005997-ERR525590
sra:ERR525594	ERP005997-ERR525594
sra:ERR525591	ERP005997-ERR525591
sra:ERR525593	ERP005997-ERR525593
sra:SRR1042212	SRP033468-SRR1042212
sra:SRR1945109	SRP033468-SRR1945109
sra:SRR1945259	SRP033468-SRR1945259
sra:SRR1945260	SRP033468-SRR1945260
sra:SRR1945262	SRP033468-SRR1945262
sra:SRR2098171	SRP060340-SRR2098171
sra:SRR2098172	SRP060340-SRR2098172
sra:SRR2098174	SRP060340-SRR2098174
sra:SRR2098175	SRP060340-SRR2098175
sra:SRR2098176	SRP060340-SRR2098176
sra:ERR1121786	ERP013145-ERR1121786
sra:ERR1121787	ERP013145-ERR1121787
sra:ERR1121788	ERP013145-ERR1121788
sra:ERR1121789	ERP013145-ERR1121789
sra:SRR2443105	SRP063829-SRR2443105
sra:SRR2443106	SRP063829-SRR2443106
sra:SRR2443107	SRP063829-SRR2443107
sra:SRR2443108	SRP063829-SRR2443108
sra:SRR2443109	SRP063829-SRR2443109
sra:SRR2443110	SRP063829-SRR2443110
sra:SRR2443111	SRP063829-SRR2443111
sra:SRR2443112	SRP063829-SRR2443112
sra:SRR2443113	SRP063829-SRR2443113
sra:SRR2443114	SRP063829-SRR2443114
sra:SRR2443115	SRP063829-SRR2443115
sra:SRR2443116	SRP063829-SRR2443116
sra:SRR2443117	SRP063829-SRR2443117
sra:SRR2443118	SRP063829-SRR2443118
sra:SRR2443119	SRP063829-SRR2443119
sra:SRR2443120	SRP063829-SRR2443120
sra:SRR2443121	SRP063829-SRR2443121
sra:SRR2443122	SRP063829-SRR2443122
sra:SRR2443123	SRP063829-SRR2443123
sra:SRR2443124	SRP063829-SRR2443124
sra:SRR2443125	SRP063829-SRR2443125
sra:SRR2443126	SRP063829-SRR2443126
sra:SRR2443127	SRP063829-SRR2443127
sra:SRR2443128	SRP063829-SRR2443128
sra:SRR2443129	SRP063829-SRR2443129
sra:SRR2443130	SRP063829-SRR2443130
sra:SRR2443131	SRP063829-SRR2443131
sra:SRR2443132	SRP063829-SRR2443132
sra:SRR2443133	SRP063829-SRR2443133
sra:SRR2443134	SRP063829-SRR2443134
sra:SRR2587092	SRP064621-SRR2587092
sra:SRR2587093	SRP064621-SRR2587093
sra:SRR4413830	SRP091381-SRR4413830
sra:SRR4413831	SRP091381-SRR4413831
sra:SRR4413832	SRP091381-SRR4413832
sra:SRR4413833	SRP091381-SRR4413833
sra:SRR4413834	SRP091381-SRR4413834
sra:SRR4413835	SRP091381-SRR4413835
sra:SRR1783808	SRP053038-SRR1783808
sra:SRR1783809	SRP053038-SRR1783809
sra:SRR1783807	SRP053038-SRR1783807
sra:SRR1783806	SRP053038-SRR1783806
sra:SRR1783798	SRP053038-SRR1783798
sra:SRR1783799	SRP053038-SRR1783799
sra:SRR1783800	SRP053038-SRR1783800
sra:SRR1783801	SRP053038-SRR1783801
sra:SRR1783802	SRP053038-SRR1783802
sra:SRR1783803	SRP053038-SRR1783803
sra:SRR1783804	SRP053038-SRR1783804
sra:SRR1783805	SRP053038-SRR1783805
sra:SRR1783812	SRP053038-SRR1783812
sra:SRR1783813	SRP053038-SRR1783813
sra:SRR1783814	SRP053038-SRR1783814
sra:SRR1783815	SRP053038-SRR1783815
sra:SRR1783816	SRP053038-SRR1783816
sra:SRR1783817	SRP053038-SRR1783817
sra:SRR1783818	SRP053038-SRR1783818
sra:SRR1783819	SRP053038-SRR1783819
sra:SRR1783820	SRP053038-SRR1783820
sra:SRR1783821	SRP053038-SRR1783821
sra:SRR1783810	SRP053038-SRR1783810
sra:SRR1783811	SRP053038-SRR1783811
sra:SRR1783822	SRP053038-SRR1783822
sra:SRR1783823	SRP053038-SRR1783823
sra:SRR1783824	SRP053038-SRR1783824
sra:SRR1783825	SRP053038-SRR1783825
sra:SRR1783826	SRP053038-SRR1783826
sra:SRR1783827	SRP053038-SRR1783827
sra:SRR1783828	SRP053038-SRR1783828
sra:SRR1783829	SRP053038-SRR1783829
sra:SRR1783830	SRP053038-SRR1783830
sra:SRR1783831	SRP053038-SRR1783831
sra:SRR1783832	SRP053038-SRR1783832
sra:SRR1783833	SRP053038-SRR1783833
sra:DRR084031	DRP003418-DRR084031
sra:DRR084021	DRP003418-DRR084021
sra:ERR789828	ERP009875-ERR789828
sra:ERR789830	ERP009875-ERR789830
sra:ERR789829	ERP009875-ERR789829
sra:SRR1181778	SRP039090-SRR1181778
sra:SRR3175106	SRP070433-SRR3175106
sra:SRR3175107	SRP070433-SRR3175107
sra:SRR3175108	SRP070433-SRR3175108
sra:SRR3175109	SRP070433-SRR3175109
sra:SRR1056011	SRP034660-SRR1056011
sra:SRR1056012	SRP034660-SRR1056012
sra:SRR1056013	SRP034660-SRR1056013
sra:SRR1056014	SRP034660-SRR1056014
sra:SRR1056015	SRP034660-SRR1056015
sra:SRR1056016	SRP034660-SRR1056016
sra:SRR1056017	SRP034660-SRR1056017
sra:SRR1056018	SRP034660-SRR1056018
sra:SRR1056019	SRP034660-SRR1056019
sra:SRR1056020	SRP034660-SRR1056020
sra:SRR1056021	SRP034660-SRR1056021
sra:SRR1056022	SRP034660-SRR1056022
sra:SRR1382078	SRP043153-SRR1382078
sra:SRR1382079	SRP043153-SRR1382079
sra:SRR1382080	SRP043153-SRR1382080
sra:SRR1382081	SRP043153-SRR1382081
sra:SRR1382082	SRP043153-SRR1382082
sra:SRR1382083	SRP043153-SRR1382083
sra:SRR1382084	SRP043153-SRR1382084
sra:SRR1382085	SRP043153-SRR1382085
sra:SRR1382086	SRP043153-SRR1382086
sra:SRR1382087	SRP043153-SRR1382087
sra:SRR1382088	SRP043153-SRR1382088
sra:SRR1382089	SRP043153-SRR1382089
sra:SRR1382090	SRP043153-SRR1382090
sra:SRR1382091	SRP043153-SRR1382091
sra:SRR527821	SRP014599-SRR527821
sra:SRR527850	SRP014599-SRR527850
sra:SRR527851	SRP014599-SRR527851
sra:SRR528732	SRP014599-SRR528732
sra:SRR528733	SRP014599-SRR528733
sra:SRR528734	SRP014599-SRR528734
sra:SRR528735	SRP014599-SRR528735
sra:SRR528736	SRP014599-SRR528736
sra:SRR528737	SRP014599-SRR528737
sra:SRR528738	SRP014599-SRR528738
sra:SRR528739	SRP014599-SRR528739
sra:SRR528740	SRP014599-SRR528740
sra:SRR528741	SRP014599-SRR528741
sra:SRR528742	SRP014599-SRR528742
sra:SRR528743	SRP014599-SRR528743
sra:SRR528744	SRP014599-SRR528744
sra:SRR528745	SRP014599-SRR528745
sra:SRR528746	SRP014599-SRR528746
sra:SRR528747	SRP014599-SRR528747
sra:SRR528748	SRP014599-SRR528748
sra:SRR528749	SRP014599-SRR528749
sra:SRR528750	SRP014599-SRR528750
sra:SRR528751	SRP014599-SRR528751
sra:SRR528752	SRP014599-SRR528752
sra:SRR528753	SRP014599-SRR528753
sra:SRR528754	SRP014599-SRR528754
sra:SRR528755	SRP014599-SRR528755
sra:SRR528756	SRP014599-SRR528756
sra:SRR540268	SRP014858-SRR540268
sra:SRR540269	SRP014858-SRR540269
sra:SRR540270	SRP014858-SRR540270
sra:SRR540271	SRP014858-SRR540271
sra:SRR540272	SRP014858-SRR540272
sra:SRR540273	SRP014858-SRR540273
sra:SRR540274	SRP014858-SRR540274
sra:SRR540275	SRP014858-SRR540275
sra:SRR540276	SRP014858-SRR540276
sra:SRR540277	SRP014858-SRR540277
sra:SRR540278	SRP014858-SRR540278
sra:SRR540279	SRP014858-SRR540279
sra:SRR2153901	SRP062242-SRR2153901
sra:SRR2153902	SRP062242-SRR2153902
sra:SRR2153903	SRP062242-SRR2153903
sra:SRR2153904	SRP062242-SRR2153904
sra:SRR2153905	SRP062242-SRR2153905
sra:SRR2153906	SRP062242-SRR2153906
sra:SRR2153907	SRP062242-SRR2153907
sra:SRR2153908	SRP062242-SRR2153908
sra:SRR1035716	SRP030031-SRR1035716
sra:SRR997302	SRP030031-SRR997302
sra:SRR1035718	SRP030031-SRR1035718
sra:SRR1035717	SRP030031-SRR1035717
sra:SRR3532922	SRP059295-SRR3532922
sra:SRR3532923	SRP059295-SRR3532923
sra:SRR3532924	SRP059295-SRR3532924
sra:SRR3532925	SRP059295-SRR3532925
sra:SRR3532926	SRP059295-SRR3532926
sra:SRR3532927	SRP059295-SRR3532927
sra:SRR3532928	SRP059295-SRR3532928
sra:SRR3532929	SRP059295-SRR3532929
sra:SRR3532930	SRP059295-SRR3532930
sra:SRR3532931	SRP059295-SRR3532931
sra:SRR3532932	SRP059295-SRR3532932
sra:SRR3532933	SRP059295-SRR3532933
sra:SRR3532934	SRP059295-SRR3532934
sra:SRR3532935	SRP059295-SRR3532935
sra:SRR3532936	SRP059295-SRR3532936
sra:SRR3532937	SRP059295-SRR3532937
sra:SRR3532938	SRP059295-SRR3532938
sra:SRR3532939	SRP059295-SRR3532939
sra:SRR3370916	SRP073200-SRR3370916
sra:SRR3370917	SRP073200-SRR3370917
sra:SRR3370918	SRP073200-SRR3370918
sra:SRR3370919	SRP073200-SRR3370919
sra:SRR3370920	SRP073200-SRR3370920
sra:SRR3370921	SRP073200-SRR3370921
sra:SRR3370922	SRP073200-SRR3370922
sra:SRR3370923	SRP073200-SRR3370923
sra:SRR3370924	SRP073200-SRR3370924
